{"options":{},"indexes":[{"v":2,"key":{"_id":1},"name":"_id_","ns":"asociacionvale.auth_permission"},{"v":2,"unique":true,"key":{"id":1},"name":"__primary_key__","ns":"asociacionvale.auth_permission"},{"v":2,"unique":true,"key":{"content_type_id":1,"codename":1},"name":"auth_permission_content_type_id_codename_01ab375a_uniq","ns":"asociacionvale.auth_permission"},{"v":2,"key":{"content_type_id":1},"name":"auth_permission_content_type_id_2f476e4b","ns":"asociacionvale.auth_permission"}],"uuid":"248b7bb41c90434c9c9d091addff420b"}