{"options":{},"indexes":[{"v":2,"key":{"_id":1},"name":"_id_","ns":"asociacionvale.auth_user_groups"},{"v":2,"unique":true,"key":{"id":1},"name":"__primary_key__","ns":"asociacionvale.auth_user_groups"},{"v":2,"unique":true,"key":{"user_id":1,"group_id":1},"name":"auth_user_groups_user_id_group_id_94350c0c_uniq","ns":"asociacionvale.auth_user_groups"},{"v":2,"key":{"user_id":1},"name":"auth_user_groups_user_id_6a12ed8b","ns":"asociacionvale.auth_user_groups"},{"v":2,"key":{"group_id":1},"name":"auth_user_groups_group_id_97559544","ns":"asociacionvale.auth_user_groups"}],"uuid":"b4c3b30ce74e4b8b8fcdfc9b4941930f"}