{"options":{},"indexes":[{"v":2,"key":{"_id":1},"name":"_id_","ns":"asociacionvale.auth_group_permissions"},{"v":2,"unique":true,"key":{"id":1},"name":"__primary_key__","ns":"asociacionvale.auth_group_permissions"},{"v":2,"unique":true,"key":{"group_id":1,"permission_id":1},"name":"auth_group_permissions_group_id_permission_id_0cd325b0_uniq","ns":"asociacionvale.auth_group_permissions"},{"v":2,"key":{"group_id":1},"name":"auth_group_permissions_group_id_b120cbf9","ns":"asociacionvale.auth_group_permissions"},{"v":2,"key":{"permission_id":1},"name":"auth_group_permissions_permission_id_84c5c92e","ns":"asociacionvale.auth_group_permissions"}],"uuid":"ed773a2f0d3a4e47a3c7d257bd9908d5"}