{"options":{},"indexes":[{"v":2,"key":{"_id":1},"name":"_id_","ns":"asociacionvale.auth_user_user_permissions"},{"v":2,"unique":true,"key":{"id":1},"name":"__primary_key__","ns":"asociacionvale.auth_user_user_permissions"},{"v":2,"unique":true,"key":{"user_id":1,"permission_id":1},"name":"auth_user_user_permiss_user_id_permission_id_14a6b632_uniq","ns":"asociacionvale.auth_user_user_permissions"},{"v":2,"key":{"user_id":1},"name":"auth_user_user_permissions_user_id_a95ead1b","ns":"asociacionvale.auth_user_user_permissions"},{"v":2,"key":{"permission_id":1},"name":"auth_user_user_permissions_permission_id_1fbb5f2c","ns":"asociacionvale.auth_user_user_permissions"}],"uuid":"f50d8de38e124c0b9f55c0b4a6ed25b4"}