{"options":{},"indexes":[{"v":2,"key":{"_id":1},"name":"_id_","ns":"asociacionvale.forums_forum"},{"v":2,"unique":true,"key":{"id":1},"name":"__primary_key__","ns":"asociacionvale.forums_forum"},{"v":2,"key":{"emisorTutor_id":1},"name":"forums_forum_emisorTutor_id_65d4c06b","ns":"asociacionvale.forums_forum"},{"v":2,"key":{"emisorUser_id":1},"name":"forums_forum_emisorUser_id_ebef5b67","ns":"asociacionvale.forums_forum"},{"v":2,"key":{"receptorTutor_id":1},"name":"forums_forum_receptorTutor_id_10cded64","ns":"asociacionvale.forums_forum"},{"v":2,"key":{"receptorUser_id":1},"name":"forums_forum_receptorUser_id_e02f3825","ns":"asociacionvale.forums_forum"}],"uuid":"21449cf610eb4515b8dd9a9cb2cb55a1"}