{"options":{},"indexes":[{"v":2,"key":{"_id":1},"name":"_id_","ns":"asociacionvale.groups_groups_users"},{"v":2,"unique":true,"key":{"id":1},"name":"__primary_key__","ns":"asociacionvale.groups_groups_users"},{"v":2,"unique":true,"key":{"groups_id":1,"user_id":1},"name":"groups_groups_users_groups_id_user_id_a45a7cb7_uniq","ns":"asociacionvale.groups_groups_users"},{"v":2,"key":{"groups_id":1},"name":"groups_groups_users_groups_id_9904d45e","ns":"asociacionvale.groups_groups_users"},{"v":2,"key":{"user_id":1},"name":"groups_groups_users_user_id_d0f83add","ns":"asociacionvale.groups_groups_users"}],"uuid":"6300aac2f18f445f8cf7b6bd1fdc2b7a"}