{"options":{},"indexes":[{"v":2,"key":{"_id":1},"name":"_id_","ns":"asociacionvale.groups_groups_tutors"},{"v":2,"unique":true,"key":{"id":1},"name":"__primary_key__","ns":"asociacionvale.groups_groups_tutors"},{"v":2,"unique":true,"key":{"groups_id":1,"user_id":1},"name":"groups_groups_tutors_groups_id_user_id_6ddf6c0c_uniq","ns":"asociacionvale.groups_groups_tutors"},{"v":2,"key":{"groups_id":1},"name":"groups_groups_tutors_groups_id_18a10c99","ns":"asociacionvale.groups_groups_tutors"},{"v":2,"key":{"user_id":1},"name":"groups_groups_tutors_user_id_ca128f56","ns":"asociacionvale.groups_groups_tutors"}],"uuid":"07f19162404048a1b660fa4014bba297"}