{"options":{},"indexes":[{"v":2,"key":{"_id":1},"name":"_id_","ns":"asociacionvale.notifications_notifications_user"},{"v":2,"unique":true,"key":{"id":1},"name":"__primary_key__","ns":"asociacionvale.notifications_notifications_user"},{"v":2,"unique":true,"key":{"notifications_id":1,"user_id":1},"name":"notifications_notifica_notifications_id_user__75a2a75a_uniq","ns":"asociacionvale.notifications_notifications_user"},{"v":2,"key":{"notifications_id":1},"name":"notifications_notifications_user_notifications_id_c64af627","ns":"asociacionvale.notifications_notifications_user"},{"v":2,"key":{"user_id":1},"name":"notifications_notifications_user_user_id_2785f155","ns":"asociacionvale.notifications_notifications_user"}],"uuid":"f6333463b98c42e2b78da54b8dac35cf"}