{"options":{},"indexes":[{"v":2,"key":{"_id":1},"name":"_id_","ns":"asociacionvale.tasks_task_users"},{"v":2,"unique":true,"key":{"id":1},"name":"__primary_key__","ns":"asociacionvale.tasks_task_users"},{"v":2,"unique":true,"key":{"task_id":1,"user_id":1},"name":"tasks_task_users_task_id_user_id_a4bccc76_uniq","ns":"asociacionvale.tasks_task_users"},{"v":2,"key":{"task_id":1},"name":"tasks_task_users_task_id_6f70115d","ns":"asociacionvale.tasks_task_users"},{"v":2,"key":{"user_id":1},"name":"tasks_task_users_user_id_8d2b23cf","ns":"asociacionvale.tasks_task_users"}],"uuid":"70c19e8ee42a4106bc172bc3177ed2cf"}